X,Y,NAME,ADDRESS,FACUSE,LEVEL_,STATUS,PHONE,TOTAL_STUD,SSL,GIS_ID,WEB_URL,BLDG_NUM,SCH_PROG,CAPITALGAINS,CAPACITY,YEAR_BUILT,SQUARE_FOOTAGE,POPULATION_PLAN,LONGITUDE,LATITUDE,SCHOOL_YEA,LEA_NAME,LEA_ID,SCHOOL_NAM,SCHOOL_ID,GRADES,MAR_ID,XCOORD,YCOORD,ZIPCODE,PK3,PK4,UN_CE,FACILITY_ID,GLOBALID,CREATOR,CREATED,EDITOR,EDITED,OBJECTID
-77.0292021703324,38.9430400197737,Roosevelt High School,4301 13TH STREET NW,High School,HS,Active,202-576-6130,497, ,dcps_459,http://profiles.dcps.dc.gov/Roosevelt+High+School,459,459,N,1055,1932,331900,1100,-77.029197,38.943029,2023-2024,District of Columbia Public Schools,1,Roosevelt High School,459,9th-12th,252605,397468.88,141682.3,20011,,,,DGS_0610.0,{3F2A258A-CF04-41EB-8BA0-2FDFED67A3A5},JLAY,2023/08/03 17:37:06+00,JLAY,2023/08/03 17:37:06+00,643
-77.0292021703324,38.9430400197737,Roosevelt STAY High School ,4301 13TH STREET NW,Youth Engagement,STAY,Active,202-576-8399,497, ,dcps_913,http://www.rooseveltstay.org/,456,459A,N,,,,,-77.029197,38.943029,2023-2024,District of Columbia Public Schools,1,Roosevelt STAY High School ,456,9th-12th,252605,397468.88,141682.3,20011,,,,DGS_0610.0,{A1D8D0D3-D954-45D9-8FC5-1EED38D6E50C},JLAY,2023/08/03 17:37:06+00,JLAY,2023/08/03 17:37:06+00,644
-77.0396644298109,38.912398603598,Ross Elementary School,1730 R STREET NW,Elementary School,ES,Active,202-673-7200,157, ,dcps_305,http://www.rosselementary.org/,305,305,N,,,,,-77.03966214,38.91239115,2023-2024,District of Columbia Public Schools,1,Ross Elementary School,305,PK3-5th,241714,396560.15,138281.53,20009,,,,DGS_0340.0,{051BFD1C-DFF2-4596-AAEA-B3FF56462747},JLAY,2023/08/03 17:37:06+00,JLAY,2023/08/03 17:37:06+00,645
-76.9936065291188,38.862859433361,Savoy Elementary School,2400 SHANNON PLACE SE,Elementary School,ES,Active,202-939-2000,344, ,dcps_307,http://profiles.dcps.dc.gov/Savoy+Elementary+School,307,307,N,479,1968,64800,450,-76.99360426,38.86285199,2023-2024,District of Columbia Public Schools,1,Savoy Elementary School,307,PK3-5th,278153,400555.08,132781.57,20020,,,,DGS_0419.0,{8997E12D-7763-4D03-9FF4-1DA92F7BFCA8},JLAY,2023/08/03 17:37:06+00,JLAY,2023/08/03 17:37:06+00,646
-77.0523232854565,38.9074769554807,School Without Walls @ Francis-Stevens,2425 N STREET NW,Education Campus,EC,Active,202-724-4841,233, ,dcps_409,http://www.swwfs.org/,409,409,N,520,1927,95100,450,-77.052321,38.9074695,2023-2024,District of Columbia Public Schools,1,School Without Walls @ Francis-Stevens,409,PK3-8th,294544,395461.95,137735.74,20037,,,,DGS_0420.0,{A01338C3-48B6-4099-B86F-DF4274532EEE},JLAY,2023/08/03 17:37:06+00,JLAY,2023/08/03 17:37:06+00,647
-77.0481887525381,38.8981315726761,School Without Walls High School,2130 G STREET NW,High School/Specialized,HS,Active,202-645-9690,527, ,dcps_466,http://www.swwhs.org/,466,466,N,,1935,47200,,-77.04818647,38.89812412,2023-2024,District of Columbia Public Schools,1,School Without Walls High School,466,9th-12th,242528,395820.01,136698.13,20037,,,,DGS_0388.0,{FDC06CF9-4273-4968-9B4B-38990A2E3A53},JLAY,2023/08/03 17:37:06+00,JLAY,2023/08/03 17:37:06+00,648
-76.9931852940978,38.8975724536931,School-Within-School,920 F STREET NE,Elementary School/Specialized,ES,Active,202-673-8275,84,,dcps_201,http://www.schoolwithinschool.org,175,,N,,,,,-76.99318304,38.89756498,2023-2024,District of Columbia Public Schools,1,School-Within-School,175,PK3-5th,289072,400591.35,136634.98,20002,,,,DGS_0762.0,{EF043D81-D9A8-4A38-B916-4BF787D4CFFE},JLAY,2023/08/03 17:37:06+00,JLAY,2023/08/03 17:37:06+00,649
-77.024884746941,38.9106261511799,Seaton Elementary School,1503 10TH STREET NW,Elementary School,ES,Active,202-673-7215,265, ,dcps_309,http://seatondc.org/,309,309,N,428,1969,65000,325,-77.02488247,38.9106187,2023-2024,District of Columbia Public Schools,1,Seaton Elementary School,309,PK3-5th,279203,397841.92,138084.32,20001,,,,DGS_0177.0,{43884E0E-43C2-49EF-99ED-DD8BB194573E},JLAY,2023/08/03 17:37:06+00,JLAY,2023/08/03 17:37:06+00,650
-77.025750688452,38.9175525644243,Shaw Middle School,2001 10TH STREET NW,Middle School,MS,Not Open,202-673-7329,,,dcps_971,http://dcatlas.dcgis.dc.gov/schoolprofile/schools.aspx,0,,,,,,,-77.02574879,38.91754511,2023-2024,District of Columbia Public Schools,1,Shaw Middle School,0, ,294533,397767,138853.23,20001,,,,N/A,{F1EDF458-77E8-4959-AF62-E49E10F908D5},JLAY,2023/08/03 17:37:06+00,JLAY,2023/08/03 17:37:06+00,651
-77.033997515858,38.9846107530876,Shepherd Elementary School,7800 14TH STREET NW,Elementary School,ES,Active,202-576-6140,331, ,dcps_313,http://www.shepherd-elementary.org,313,313,N,332,1932,79700,400,-77.03399523,38.98460328,2023-2024,District of Columbia Public Schools,1,Shepherd Elementary School,313,PK3-5th,256319,397054.62,146297.53,20012,,,,DGS_0296.0,{F3AE65DD-B6EB-49A3-A8D4-EC7AF4232BFA},JLAY,2023/08/03 17:37:06+00,JLAY,2023/08/03 17:37:06+00,652
-77.0001972654854,38.8359879771748,Simon Elementary School,401 MISSISSIPPI AVENUE SE,Elementary School,ES,Active,202-645-3360,252, ,dcps_315,http://profiles.dcps.dc.gov/Simon+Elementary+School,315,315,N,549,1950,66200,325,-77.000195,38.83598054,2023-2024,District of Columbia Public Schools,1,Simon Elementary School,315,PK3-5th,294481,399983.07,129798.63,20032,,,,DGS_0568.0,{767ECD06-E281-46FC-8A91-3F542322D42F},JLAY,2023/08/03 17:37:06+00,JLAY,2023/08/03 17:37:06+00,653
-76.9384708912366,38.893561490088,Smothers Elementary School,4400 BROOKS STREET NE,Elementary School,ES,Active,202-939-3600,242, ,dcps_322,http://www.myschooldc.org/schools/profile/104/,322,322,N,332,1923,43000,325,-76.93846864,38.89355404,2023-2024,District of Columbia Public Schools,1,Smothers Elementary School,322,PK3-5th,294596,405337.95,136191.51,20019,,,,DGS_0612.0,{5B7FCC9E-9099-4B14-A671-95F677D9763F},JLAY,2023/08/03 17:37:06+00,JLAY,2023/08/03 17:37:06+00,654
-76.9531611016469,38.8839018623165,Sousa Middle School,3650 ELY PLACE SE,Middle School,MS,Active,202-729-3260,348, ,dcps_427,http://www.sousamiddleschool.org/,427,427,N,,,,,-76.95315884,38.88389441,2023-2024,District of Columbia Public Schools,1,Sousa Middle School,427,6th-8th,294584,404064.1,135118.46,20019,,,,DGS_0536.0,{7AA2C217-1221-4F01-8F8F-3E3EB9E8D539},JLAY,2023/08/03 17:37:06+00,JLAY,2023/08/03 17:37:06+00,655
-76.9684924865091,38.859279554949,Stanton Elementary School,2701 NAYLOR ROAD SE,Elementary School,ES,Active,202-671-6180,355, ,dcps_319,http://profiles.dcps.dc.gov/Stanton+Elementary+School,319,319,N,547,1944,83800,400,-76.96849023,38.85927211,2023-2024,District of Columbia Public Schools,1,Stanton Elementary School,319,PK3-5th,294547,402734.84,132384.63,20020,,,,DGS_0443.0,{F5E25DB6-974D-43A3-A1D3-1373AFBE60E1},JLAY,2023/08/03 17:37:06+00,JLAY,2023/08/03 17:37:06+00,656
-77.0468343051292,38.903170049127,Stevens Early Learning Center,1050 21ST STREET NW,Specialized School,AC,Active,202-698-0677,,,dcps_983,https://profiles.dcps.dc.gov/Thaddeus+Stevens+Early+Learning+Center,,,,,,,,-77.046832,38.903163,2023-2024,District of Columbia Public Schools,1,Stevens Early Learning Center,0,PK3-PK4,294506,395937.79,137257.38,20036,,,,,{A4F01AF0-2E75-4BD3-A730-186376408ED9},JLAY,2023/08/03 17:37:06+00,JLAY,2023/08/03 17:37:06+00,1281
-77.0790760942629,38.9230521025976,Stoddert Elementary School,4001 CALVERT STREET NW,Elementary School,ES,Active,202-671-6030,347, ,dcps_321,http://www.stoddert.org,321,321,N,213,1932,17400,325,-77.0790738,38.92304465,2023-2024,District of Columbia Public Schools,1,Stoddert Elementary School,321,PK4-5th,224730,393143.05,139466.38,20007,,,,DGS_0578.0,{F36BD540-9FB4-4C0F-A6DA-5778984DB618},JLAY,2023/08/03 17:37:06+00,JLAY,2023/08/03 17:37:06+00,1282
-77.0000066522715,38.8963051573376,Stuart-Hobson Middle School,410 E STREET NE,Middle School,MS,Active,202-671-6010,403, ,dcps_428,http://www.capitolhillclusterschool.org/our-schools/stuart-hobson-middle-school,428,428,Y,460,1927,105900,450,-77.00000438,38.8962977,2023-2024,District of Columbia Public Schools,1,Stuart-Hobson Middle School,428,6th-8th,294483,399999.62,136494.28,20002,,,,DGS_0576.0,{6958A16B-DF37-46D1-BCFD-5B1845C7CA38},JLAY,2023/08/03 17:37:06+00,JLAY,2023/08/03 17:37:06+00,1283
-77.0227972114971,38.9750503430188,Takoma Elementary School,7010 PINEY BRANCH ROAD NW,Elementary School,ES,Active,202-671-6050,306, ,dcps_3241,http://www.takomaec.us/,324,3241,Y,467,1976,119000,450,-77.02279493,38.97504287,2023-2024,District of Columbia Public Schools,1,Takoma Elementary School,324,PK3-5th,250934,398024.76,145235.93,20012,,,,DGS_0723.0,{833E1CDF-0DF4-496F-9DA2-D103079CE848},JLAY,2023/08/03 17:37:06+00,JLAY,2023/08/03 17:37:06+00,1284
-76.9521131682574,38.9012864269031,Thomas Elementary School,650 ANACOSTIA AVENUE NE,Elementary School,ES,Active,202-724-4593,235, ,dcps_325,http://www.nevalthomas.org/,325,325,N,636,1946,87600,325,-76.95211091,38.90127897,2023-2024,District of Columbia Public Schools,1,Thomas Elementary School,325,PK3-5th,294493,404154.01,137048.33,20019,,,,DGS_0719.0,{4635474F-E6C1-439D-B1EC-E1128FF24C33},JLAY,2023/08/03 17:37:06+00,JLAY,2023/08/03 17:37:06+00,1285
-77.0284323136688,38.9035037912,Thomson Elementary School,1200 L STREET NW,Elementary School,ES,Active,202-898-4660,327, ,dcps_326,http://www.thomsondcps.org/,326,326,N,,,,,-77.02843003,38.90349634,2023-2024,District of Columbia Public Schools,1,Thomson Elementary School,326,PK3-5th,240922,397533.99,137293.77,20005,,,,DGS_0241.0,{205B5DC4-5374-453C-BDAD-D2D9FB7329F0},JLAY,2023/08/03 17:37:06+00,JLAY,2023/08/03 17:37:06+00,1286
-77.0250738590133,38.9539761553136,Truesdell Elementary School,800 INGRAHAM STREET NW,Elementary School,ES,Active,202-576-6202,423, ,dcps_327,http://profiles.dcps.dc.gov/Truesdell+Education+Campus,327,327,N,471,1908,69600,450,-77.02507158,38.95396869,2023-2024,District of Columbia Public Schools,1,Truesdell Elementary School,327,PK3-5th,294497,397826.84,142896.55,20011,,,,DGS_0738.0,{B49CB1D3-2EC0-4532-ACF4-9C3383A7B6DD},JLAY,2023/08/03 17:37:06+00,JLAY,2023/08/03 17:37:06+00,1287
-77.0294455807921,38.9292060284833,Tubman Elementary School,3101 13TH STREET NW,Elementary School,ES,Active,202-673-7285,489, ,dcps_328,http://profiles.dcps.dc.gov/tubman,328,328,N,607,1970,66600,450,-77.0294433,38.92919857,2023-2024,District of Columbia Public Schools,1,Tubman Elementary School,328,PK3-5th,294555,397447.02,140146.96,20010,,,,DGS_0471.0,{21F758CD-F2F8-4E03-A7AF-B703E51A10A8},JLAY,2023/08/03 17:37:06+00,JLAY,2023/08/03 17:37:06+00,1288
-76.9803121874691,38.8476427196735,Turner Elementary School,3264 STANTON ROAD SE,Elementary School,ES,Active,202-645-3470,305, ,dcps_329,http://www.myschooldc.org/schools/profile/116/,329,329,N,,1965,77700,,-76.98031323,38.84763644,2023-2024,District of Columbia Public Schools,1,Turner Elementary School,329,PK3-5th,294561,401708.96,131092.7,20032,,,,DGS_0499.0,{2CD71C16-5AF1-45E1-A607-20AC4E8C03C6},JLAY,2023/08/03 17:37:06+00,JLAY,2023/08/03 17:37:06+00,1289
-76.9920439309801,38.8810918074256,Tyler Elementary School,1001 G STREET SE,Elementary School,ES,Active,202-939-4810,402, ,dcps_330,http://www.tylerelementary.net,330,330,N,452,1949,69600,400,-76.99204166,38.88108436,2023-2024,District of Columbia Public Schools,1,Tyler Elementary School,330,PK3-5th,294505,400690.52,134805.51,20003,,,,DGS_0726.0,{E9965140-636E-4052-8C9A-802D9516D369},JLAY,2023/08/03 17:37:06+00,JLAY,2023/08/03 17:37:06+00,1290
-76.9992457367057,38.876803557988,Van Ness Elementary School,1150 5TH STREET SE,Elementary School,ES,Active,202-698-3818,,,dcps_972,http://vannesselementary.org/,331,,,,,,,-76.999244,38.87679645,2023-2024,District of Columbia Public Schools,1,Van Ness Elementary School,331,PK3-5th,294508,400065.6,134329.49,20003,,,,DGS_0770.0,{ACECC417-3BA7-4A26-BFFC-615BFA917C0A},JLAY,2023/08/03 17:37:06+00,JLAY,2023/08/03 17:37:06+00,1291
-77.0139181418983,38.9041995429169,Walker-Jones Education Campus,1125 NEW JERSEY AVENUE NW,Education Campus,EC,Active,202-939-5934,418, ,dcps_332,http://walkerjoneseducampus.org/,332,332,N,,,,,-77.01391569,38.90419198,2023-2024,District of Columbia Public Schools,1,Walker-Jones Education Campus,332,PK3-8th,307735,398792.97,137370.7,20001,,,,DGS_0195.0,{09C15EA8-2791-41F8-9A6F-D4506FE30B45},JLAY,2023/08/03 17:37:06+00,JLAY,2023/08/03 17:37:06+00,1292
-76.9899990371998,38.8834744591012,Watkins Elementary School,420 12TH STREET SE,Elementary School,ES,Active,202-698-3355,521, ,dcps_333,http://www.capitolhillclusterschool.org/our-schools/watkins-elementary,333,333,N,578,1962,69300,550,-76.98999677,38.88346701,2023-2024,District of Columbia Public Schools,1,Watkins Elementary School,333,1st-5th,294486,400867.92,135070.02,20003,,,,DGS_0586.0,{AA98EEE9-0968-45CD-A1B2-FA6AB48BCC74},JLAY,2023/08/03 17:37:06+00,JLAY,2023/08/03 17:37:06+00,1293
-76.9885030395345,38.9041251995314,Wheatley Education Campus,1299 NEAL STREET NE,Education Campus,EC,Active,202-939-5970,475, ,dcps_335,http://profiles.dcps.dc.gov/Wheatley+Education+Campus,335,335,N,625,1960,103700,400,-76.98850077,38.90411774,2023-2024,District of Columbia Public Schools,1,Wheatley Education Campus,335,PK3-8th,294512,400997.43,137362.43,20002,,,,DGS_0262.0,{36F03B9D-69C5-4B3B-B6C1-245B4B746F0D},JLAY,2023/08/03 17:37:06+00,JLAY,2023/08/03 17:37:06+00,1294
-77.0192408841983,38.9658647394466,Whittier Elementary School,6201 5TH STREET NW,Elementary School,ES,Active,202-576-6156,346, ,dcps_338,http://www.whittierdc.org/,338,338,Y,517,1926,66600,600,-77.0192386,38.96585727,2023-2024,District of Columbia Public Schools,1,Whittier Elementary School,338,PK3-5th,294614,398332.71,144216.17,20011,,,,DGS_0706.0,{B71509D7-BE04-4909-BDCE-076BC9F542C8},JLAY,2023/08/03 17:37:06+00,JLAY,2023/08/03 17:37:06+00,1295
-76.9223243859153,38.8967906132912,Woodson High School,540 55TH STREET NE,High School,HS,Active,202-724-4632,810, ,dcps_426,http://www.hdwoodsonwarriors.org/,464,464,N,1085,1967,156000,450,-76.92232826,38.89678662,2023-2024,District of Columbia Public Schools,1,Woodson High School,464,9th-12th,309633,406737.85,136551.42,20016,,,,DGS_0681.0,{D0CFB5C8-DE70-42B1-B4E3-310F8628E4B4},JLAY,2023/08/03 17:37:06+00,JLAY,2023/08/03 17:37:06+00,1296
-76.988588107557,38.9121470509132,Youth Services Center,1000 MOUNT OLIVET ROAD NE,Youth Engagement,YE,Active,202-576-8388,67, ,dcps_948,http://profiles.dcps.dc.gov/Youth+Services+Center,861, ,N,90,2004,,,-76.98858584,38.91213959,2023-2024,District of Columbia Public Schools,1,Youth Services Center,861,Alternative,290013,400989.94,138252.92,20002,,,,N/A,{4CD7B010-CA89-44ED-94FC-D0477BC6522F},JLAY,2023/08/03 17:37:06+00,JLAY,2023/08/03 17:37:06+00,1297
-77.0181275757119,38.8795228506534,Amidon-Bowen Elementary School,401 I STREET SW,Elementary School,ES,Active,202-724-4867,254, ,dcps_203,http://profiles.dcps.dc.gov/Amidon-Bowen+Elementary+School,203,203,N,438,1960,70800,400,-77.0181253,38.8795154,2023-2024,District of Columbia Public Schools,1,Amidon-Bowen Elementary School,203,PK3-5th,294482,398427.29,134631.47,20024,,,,DGS_0566.0,{B426097E-E020-40A5-90F7-66DA80F22B8C},JLAY,2023/08/03 17:37:06+00,JLAY,2023/08/03 17:37:06+00,1298
-76.9830795189813,38.870091507624,Anacostia High School,1601 16TH STREET SE,High School,HS,Active,202-698-2155,784, ,dcps_450,http://profiles.dcps.dc.gov/anacostia,450,450,N,1040,1935,247900,1100,-76.98307725,38.87008406,2023-2024,District of Columbia Public Schools,1,Anacostia High School,450,9th-12th,155922,401468.56,133584.5,20020,,,,DGS_0324.0,{7A99F134-5ABB-4DCA-BCCD-A4B72E6680AB},JLAY,2023/08/03 17:37:06+00,JLAY,2023/08/03 17:37:06+00,1299
-77.04055575384,38.9343258251977,Bancroft Elementary School,1755 NEWTON STREET NW,Elementary School,ES,Active,202-673-7280,463,,dcps_204,http://www.bancroftelementary.org,204,,,,,,,-77.040553,38.934318,2023-2024,District of Columbia Public Schools,1,Bancroft Elementary School,204,PK3-5th,294528,396483.93,140715.67,20010,,,,DGS_0343.0,{9B4D11E8-F011-4D4F-9029-951641815323},JLAY,2023/08/03 17:37:06+00,JLAY,2023/08/03 17:37:06+00,1300
-76.9861487068918,38.8449864816858,Bard High School Early College DC,1351 ALABAMA AVENUE SE,High School/Specialized,HS,Active,202-898-4664,,,dcps_982,https://www.myschooldc.org/schools/profile/415,,,N,,,,,-76.986147,38.844979,2023-2024,District of Columbia Public Schools,1,Bard High School Early College DC,1058,9th-12th,289201,401202.63,130797.63,20032,,,,,{B3C99C04-2A73-44B5-B233-858168B25A73},JLAY,2023/08/03 17:37:06+00,JLAY,2023/08/03 17:37:06+00,1301
-77.0177793604952,38.9482384107505,Barnard Elementary School,430 DECATUR STREET NW,Elementary School,ES,Active,202-576-1100,482, ,dcps_205,http://www.myschooldc.org/schools/profile/7/,205,205,N,387,2003,,,-77.01777708,38.94823095,2023-2024,District of Columbia Public Schools,1,Barnard Elementary School,205,PK3-5th,248305,398458.99,142259.46,20011,,,,DGS_0605.0,{8233B4CD-DD8C-4EF0-B33A-6AB8967817AA},JLAY,2023/08/03 17:37:06+00,JLAY,2023/08/03 17:37:06+00,1302
-76.9556070060376,38.8643572874249,Beers Elementary School,3600 ALABAMA AVENUE SE,Elementary School,ES,Active,202-939-4800,386, ,dcps_206,http://profiles.dcps.dc.gov/Beers+Elementary+School,206,206,N,448,1942,77500,400,-76.95560475,38.86434984,2023-2024,District of Columbia Public Schools,1,Beers Elementary School,206,PK3-5th,278406,403852.94,132948.76,20020,,,,DGS_0535.0,{7F0BAE11-7615-4905-AADA-751C1B0627B5},JLAY,2023/08/03 17:37:06+00,JLAY,2023/08/03 17:37:06+00,1303
-77.0251232171534,38.9121560139032,Benjamin Banneker High School,1600 9TH STREET NW,High School/Specialized,HS,Active,202-671-6320,413, ,dcps_402,http://www.benjaminbanneker.org/,402,402,N,620,1939,180000,500,-77.025121,38.912148,2023-2024,District of Columbia Public Schools,1,Benjamin Banneker High School,402,9th-12th,334680,397821.28,138254.13,20001,,,,DGS_0737.0,{0CF5EF91-F643-4B73-B88E-1307226DE682},JLAY,2023/08/03 17:37:06+00,JLAY,2023/08/03 17:37:06+00,1304
-76.9738988810139,38.8725720828516,Boone Elementary School,2200 MINNESOTA AVENUE SE,Elementary School,ES,Active,202-671-6240,308, ,dcps_291,http://www.orrelementary.org/,291,291,N,,,,,-76.97389661,38.8725643,2023-2024,District of Columbia Public Schools,1,Boone Elementary School,291,PK3-5th,294539,402265.18,133860.05,20020,,,,DGS_0182.0,{993F5321-7858-42AE-8E3D-EF50C4D1F51A},JLAY,2023/08/03 17:37:06+00,JLAY,2023/08/24 14:49:38+00,1305
-77.0014621213977,38.8848086594862,Brent Elementary School,301 NORTH CAROLINA AVENUE SE,Elementary School,ES,Active,202-698-3363,347, ,dcps_212,http://brentelementary.org/,212,212,N,276,1968,47500,325,-77.00145985,38.88480121,2023-2024,District of Columbia Public Schools,1,Brent Elementary School,212,PK3-5th,294479,399873.34,135218.08,20003,,,,DGS_0504.0,{0309A64E-FD91-4DA7-9266-5D11ECB8DC0A},JLAY,2023/08/03 17:37:06+00,JLAY,2023/08/03 17:37:06+00,1306
-77.0306911314805,38.9605431911924,Brightwood Elementary School,1300 NICHOLSON STREET NW,Elementary School,ES,Active,202-722-5670,549, ,dcps_213,http://www.brightwoodec.org/,213,213,Y,,,,,-77.03068885,38.96053573,2023-2024,District of Columbia Public Schools,1,Brightwood Elementary School,213,PK3-5th,294515,397340.19,143625.7,20011,,,,DGS_0270.0,{279BB546-EC94-4CBB-A4FE-29C4CEED2F1C},JLAY,2023/08/03 17:37:06+00,JLAY,2023/08/03 17:37:06+00,1307
-76.9910617741642,38.9384831305545,Brookland Middle School,1150 MICHIGAN AVENUE NE,Middle School,MS,Active,202-576-6095,, ,dcps_975,https://brooklandms.wordpress.com/,975,975,N,,,,,-76.991059,38.938476,2023-2024,District of Columbia Public Schools,1,Brookland Middle School,347,6th-8th,294507,400775.13,141176.41,20017,,,,DGS_0235.0,{9C7BE329-5F41-4DF7-85A9-398FA8BDF017},JLAY,2023/08/03 17:37:06+00,JLAY,2023/08/03 17:37:06+00,1308
-76.97066932127,38.902606337899,Browne Education Campus,850 26TH STREET NE,Education Campus,EC,Active,202-671-6210,384, ,dcps_404,http://profiles.dcps.dc.gov/Browne+Education+Campus,404,404,Y,835,1932,215400,750,-76.97066706,38.90259888,2023-2024,District of Columbia Public Schools,1,Browne Education Campus,404,PK3-8th,294501,402544.36,137194.17,20002,,,,DGS_0422.0,{8E885C69-928A-44A1-B70F-A351810251B8},JLAY,2023/08/03 17:37:06+00,JLAY,2023/08/03 17:37:06+00,1309
-77.0211879471977,38.9344215557015,Bruce-Monroe Elementary School @ Park View,3560 WARDER STREET NW,Elementary School,ES,Active,202-576-6222,459, ,dcps_296,http://www.bmpv.org/,296,296,N,,1916,82200,,-77.02118567,38.9344141,2023-2024,District of Columbia Public Schools,1,Bruce-Monroe Elementary School @ Park View,296,PK3-5th,294583,398163.16,140725.73,20010,,,,DGS_0533.0,{A367E88B-71A3-47D4-BFB1-F60D3D04736C},JLAY,2023/08/03 17:37:06+00,JLAY,2023/08/03 17:37:06+00,1310
-77.0861689053937,38.9077698905702,MacArthur High School,4530 MACARTHUR BOULEVARD NW,High School,HS,Active,202-299-5506,,1356 0032,dcps_985,,,,Y,,,,,-77.086167,38.907762,2023-2024,District of Columbia Public Schools,0,MacArthur High School,0,9th-12th,275307,392526.38,137770.49,20007,,,,,{A592F9CA-539C-498C-845C-F0AB6D1D0885},JLAY,2023/08/03 17:37:06+00,JLAY,2023/08/03 17:37:06+00,1311
-76.9849976287947,38.942020057392,Bunker Hill Elementary School,1401 MICHIGAN AVENUE NE,Elementary School,ES,Active,202-576-6095,304, ,dcps_346,http://profiles.dcps.dc.gov/Bunker+Hill+Elementary+School,219,346,N,,,,,-76.98499564,38.94201247,2023-2024,District of Columbia Public Schools,1,Bunker Hill Elementary School,219,PK3-5th,286131,401300.77,141569.11,20017,,,,DGS_0301.0,{CDB15020-90EC-4B2C-88E4-5C3CC2989D0D},JLAY,2023/08/03 17:37:06+00,JLAY,2023/08/03 17:37:06+00,1312
-76.9784586377381,38.9335101217273,Burroughs Elementary School,1820 MONROE STREET NE,Elementary School,ES,Active,202-576-6150,296, ,dcps_220,http://www.jbecstem.com/,220,220,Y,474,1980,63900,450,-76.97845637,38.93350266,2023-2024,District of Columbia Public Schools,1,Burroughs Elementary School,220,PK3-5th,294530,401867.9,140624.56,20018,,,,DGS_0356.0,{F8497BAC-823C-40F3-906C-5382D2F0B875},JLAY,2023/08/03 17:37:06+00,JLAY,2023/08/03 17:37:06+00,1313
-76.9244614283229,38.9005732220478,Burrville Elementary School,801 DIVISION AVENUE NE,Elementary School,ES,Active,202-671-6020,368, ,dcps_221,http://www.burrvillees.org/,221,221,N,322,1980,95000,450,-76.92445918,38.90056577,2023-2024,District of Columbia Public Schools,1,Burrville Elementary School,221,PK3-5th,289787,406552.65,136970.78,20019,,,,DGS_0740.0,{0DD937CC-4E4D-4728-925F-94380BB7BAD6},JLAY,2023/08/03 17:37:06+00,JLAY,2023/08/03 17:37:06+00,1314
-76.9261177474948,38.8836062845951,C.W. Harris Elementary School,301 53RD STREET SE,Elementary School,ES,Active,202-645-3188,224, ,dcps_247,http://cwharriselementary.org/,247,247,N,461,1964,56000,325,-76.9261155,38.88359883,2023-2024,District of Columbia Public Schools,1,C.W. Harris Elementary School,247,PK3-5th,289801,406410.5,135087.2,20019,,,,DGS_0455.0,{5A4647CC-EFDA-4C5C-A9D6-6CFC7D93E313},JLAY,2023/08/03 17:37:06+00,JLAY,2023/08/03 17:37:06+00,1315
-77.0025649717603,38.8985377621774,Capitol Hill Montessori,215 G STREET NE,Elementary School/Specialized,ES,Active,202-698-4467,211, ,dcps_960,http://capitolhillmontessorischool.org/,360,0,N,,,,,-77.00256647,38.89853031,2023-2024,District of Columbia Public Schools,1,Capitol Hill Montessori,360,PK3-8th,286687,399777.37,136742.12,20002,,,,DGS_0457.0,{E95D4207-5F16-4155-80F9-EE9CFF4A3B03},JLAY,2023/08/03 17:37:06+00,JLAY,2023/08/03 17:37:06+00,1316
-77.0284730757523,38.9221799883401,Cardozo Education Campus,1200 CLIFTON STREET NW,Middle School/High School,HS,Active,202-673-7385,477, ,dcps_454,http://www.cardozohs.com/,454,454,N,1565,1926,355400,1100,-77.02847069,38.92217286,2023-2024,District of Columbia Public Schools,1,Cardozo Education Campus,454,6th-12th,294513,397531.11,139367.02,20009,,,,DGS_0178.0,{8D41754A-752F-45AC-BB14-2F36A7C29C73},JLAY,2023/08/03 17:37:06+00,JLAY,2023/08/03 17:37:06+00,1317
-77.0227094560451,38.9151527443805,Cleveland Elementary School,1825 8TH STREET NW,Elementary School,ES,Active,202-939-4380,301, ,dcps_224,http://clevelandesdc.org/,224,224,N,,1911,54427,276,-77.02270718,38.91514529,2023-2024,District of Columbia Public Schools,1,Cleveland Elementary School,224,PK3-5th,294531,398030.71,138586.76,20001,,,,DGS_0357.0,{17583BBA-B5BB-42D1-93B7-C802D5FD893F},JLAY,2023/08/03 17:37:06+00,JLAY,2023/08/03 17:37:06+00,1318
-77.0358605944281,38.9295522271806,Columbia Heights Education Campus 6–8 (CHEC),3101 16TH STREET NW,Education Campus,MS,Active,202-939-7700,429, ,dcps_475,http://www.checdc.org,442,475,N,,,,,-77.03585831,38.92954477,2023-2024,District of Columbia Public Schools,1,Columbia Heights Education Campus 6–8 (CHEC),442,6th-12th,234375,396890.8,140185.59,20010,,,,DGS_0472.0,{54703FD1-1275-4134-B370-0AE14114BEEE},JLAY,2023/08/03 17:37:06+00,JLAY,2023/08/03 17:37:06+00,1319
-77.0358605944281,38.9295522271806,Columbia Heights Education Campus 9–12 (CHEC),3101 16TH STREET NW,Education Campus,HS,Active,202-939-7700,429, ,dcps_976,http://www.checdc.org,442,475,N,,,,,-77.03585831,38.92954477,2023-2024,District of Columbia Public Schools,1,Columbia Heights Education Campus 9–12 (CHEC),442,6th-12th,234375,396890.8,140185.59,20010,,,,DGS_0472.0,{E725B430-BCD0-4B28-8CAB-CF9FA4EBA85B},JLAY,2023/08/03 17:37:06+00,JLAY,2023/08/03 17:37:06+00,1320
-77.0195805300924,38.9672920127715,Coolidge High School,6315 5TH STREET NW,High School,HS,Active,202-671-6080,547, ,dcps_455,http://www.coolidgeshs.org/,455,455,N,1240,1940,271300,1100,-77.01957835,38.96728457,2023-2024,District of Columbia Public Schools,1,Coolidge High School,455,9th-12th,294615,398303.3,144374.62,20012,,,,DGS_0710.0,{2D0B6ACA-11F6-4427-82B7-91C5F7C6B939},JLAY,2023/08/03 17:37:06+00,JLAY,2023/08/03 17:37:06+00,1321
-77.0752013665178,38.9529042028224,Deal Middle School,3815 FORT DRIVE NW,Middle School,MS,Active,202-939-2010,1014, ,dcps_405,http://alicedeal.org/,405,405,N,900,1931,180000,850,-77.07519907,38.95289674,2023-2024,District of Columbia Public Schools,1,Deal Middle School,405,6th-8th,277548,393481.78,142779.94,20016,,,,DGS_0529.0,{013E3EB7-C35C-477F-A127-91660E2569C5},JLAY,2023/08/03 17:37:06+00,JLAY,2023/08/03 17:37:06+00,1322
-77.0305435214428,38.9447023725982,Dorothy I. Height Elementary School,1300 ALLISON STREET NW,Elementary School,ES,Active,202-723-4100,,,dcps_977,http://www.dorothyheightes.org/,349,,,,,,,-77.030541,38.9447,2023-2024,District of Columbia Public Schools,1,Dorothy I. Height Elementary School,349,PK3-5th,255251,397352.45,141867.84,20011,,,,DGS_0775.0,{4CAD560A-FEA7-4556-A947-E13EF69E9332},JLAY,2023/08/03 17:37:06+00,JLAY,2023/08/03 17:37:06+00,1323
-76.9199292547491,38.8960014304797,Drew Elementary School,5600 EADS STREET NE,Elementary School,ES,Active,202-671-6040,181, ,dcps_231,http://www.drewelementary.org/,231,231,N,,,,,-76.91992701,38.89599397,2023-2024,District of Columbia Public Schools,1,Drew Elementary School,231,PK3-5th,277686,406946.23,136463.61,20019,,,,DGS_0687.0,{A40201FB-9B32-48AC-A921-AB80DCB769C9},JLAY,2023/08/03 17:37:06+00,JLAY,2023/08/03 17:37:06+00,1324
-77.0703098743125,38.9134538317844,Duke Ellington School of the Arts,3500 R STREET NW,High School/Specialized,HS,Active,202-282-0123,517, ,dcps_471,http://www.ellingtonschool.org,471,471,N,500,1898,167500,700,-77.070308,38.913446,2023-2024,District of Columbia Public Schools,1,Duke Ellington School of the Arts,471,9th-12th,294569,393902.4,138400.27,20007,,,,DGS_0526.0,{AE6A2004-AD48-424E-9EB0-849CD7DDD435},JLAY,2023/08/03 17:37:06+00,JLAY,2023/08/03 17:37:06+00,1325
-77.0126937526778,38.9076340080213,Dunbar High School,101 N ST NW,High School,HS,Active,202-698-3762,514, ,dcps_467,http://www.dunbarhsdc.org/,467,940,N,1095,1977,343400,1600,-77.012691,38.907627,2023-2024,District of Columbia Public Schools,1,Dunbar High School,467,9th-12th,309947,398899.21,137751.95,20001,,,,DGS_0272.0,{B5A17CF1-6E9F-4291-815A-FA1B4D6D9FFB},JLAY,2023/08/03 17:37:06+00,JLAY,2023/08/03 17:37:06+00,1326
-77.0195805300924,38.9672920127715,Early College Academy at Coolidge High School,6315 5TH STREET NW,High School/Specialized,HS,Active,202-671-6080,547, ,dcps_456,http://www.coolidgeshs.org/,455,455,N,1240,1940,271300,1100,-77.01957835,38.96728457,2023-2024,District of Columbia Public Schools,1,Early College Academy at Coolidge High School,455,9th-12th,294615,398303.3,144374.62,20012,,,,DGS_0710.0,{751882C2-50C4-48D7-9FDC-DA2C48ADCCF7},JLAY,2023/08/03 17:37:06+00,JLAY,2023/08/03 17:37:06+00,1327
-76.9796865584152,38.8904101151262,Eastern High School,1700 EAST CAPITOL STREET NE,High School,HS,Active,202-698-4500,303, ,dcps_457,http://easternhighschooldc.org/intro/,457,457,N,1425,1923,288800,6,-76.97968429,38.89040266,2023-2024,District of Columbia Public Schools,1,Eastern High School,457,9th-12th,289529,401762.5,135840.08,20003,,,,DGS_0181.0,{0AD65226-B82C-4BA9-9B51-E2B77423AF3F},JLAY,2023/08/03 17:37:06+00,JLAY,2023/08/03 17:37:06+00,1328
-77.0658234329553,38.9327345302458,Eaton Elementary School,3301 LOWELL STREET NW,Elementary School,ES,Active,202-282-0103,457, ,dcps_232,http://www.eatondc.org/,232,232,N,418,1911,49100,400,-77.06582114,38.93272707,2023-2024,District of Columbia Public Schools,1,Eaton Elementary School,232,PK4-5th,294562,394293.04,140540.3,20008,,,,DGS_0507.0,{B4F7DFB6-E1FC-4B76-A436-C28048DE355F},JLAY,2023/08/03 17:37:06+00,JLAY,2023/08/03 17:37:06+00,1329
-76.9789801842028,38.8924389462972,Eliot-Hine Middle School,1830 CONSTITUTION AVENUE NE,Middle School,MS,Active,202-939-5380,348, ,dcps_407,http://www.eliothinemiddleschool.org/,407,407,Y,850,1931,155100,450,-76.97897792,38.89243149,2023-2024,District of Columbia Public Schools,1,Eliot-Hine Middle School,407,6th-8th,286499,401823.73,136065.31,20002,,,,DGS_0359.0,{9DD14FF3-53F5-45CB-928A-552BF74D78F8},JLAY,2023/08/03 17:37:06+00,JLAY,2023/08/03 17:37:06+00,1330
-76.9953568364176,38.859769537679,Excel Academy,2501 MARTIN LUTHER KING JR AVENUE SE,Education Campus,EC,Active,202-373-0097,,,dcps_981,http://www.excelpcs.org,318,,,,,,,-76.995355,38.859762,2023-2024,District of Columbia Public Schools,1,Excel Academy,318,PK3-8th,278172,400403.19,132438.56,20020,,,,DGS_0782.0,{011D8F75-91CA-4AE7-9E88-E150F0954D8A},JLAY,2023/08/03 17:37:06+00,JLAY,2023/08/03 17:37:06+00,1331
-77.0686161905959,38.9155164871839,Fillmore Arts Center (West),1819 35TH STREET NW,Specialized School,AC,Active,202-729-3796,0, ,dcps_923,http://www.fillmoreartscenter.org/,0,0,N,,,,,-77.0686139,38.91550903,2023-2024,District of Columbia Public Schools,1,Fillmore Arts Center (West),0,6th-8th,274432,394049.46,138629.13,20007,,,,N/A,{8A491ACE-0995-4E44-BEE6-0BE4DCD25EC3},JLAY,2023/08/03 17:37:06+00,JLAY,2023/08/03 17:37:06+00,1332
-76.9708070368325,38.8517408214861,Garfield Elementary School,2435 ALABAMA AVENUE SE,Elementary School,ES,Active,202-671-6140,240, ,dcps_238,http://www.myschooldc.org/schools/profile/37/,238,238,N,446,1977,58908,400,-76.97080478,38.85173338,2023-2024,District of Columbia Public Schools,1,Garfield Elementary School,238,PK3-5th,278160,402534.22,131547.71,20020,,,,DGS_0421.0,{7C5B5AC3-31F0-4788-8857-37E9B574ADC7},JLAY,2023/08/03 17:37:06+00,JLAY,2023/08/03 17:37:06+00,1333
-77.0286148379241,38.9139087472585,Garrison Elementary School,1200 S STREET NW,Elementary School,ES,Active,202-673-7263,237, ,dcps_239,http://www.garrisonelementary.org/,239,239,N,474,1964,60200,325,-77.02861256,38.91390129,2023-2024,District of Columbia Public Schools,1,Garrison Elementary School,239,PK3-5th,294509,397518.52,138448.81,20009,,,,DGS_0242.0,{EE35A6EA-9BD0-4A97-ABC8-7165A43DFCDA},JLAY,2023/08/03 17:37:06+00,JLAY,2023/08/03 17:37:06+00,1334
-77.0388128697178,38.9239505430781,H.D. Cooke Elementary School,2525 17TH STREET NW,Elementary School,ES,Active,202-939-5390,396, ,dcps_227,http://www.hdcookeschool.org/,227,227,N,,,,,-77.03881058,38.92394309,2023-2024,District of Columbia Public Schools,1,H.D. Cooke Elementary School,227,PK3-5th,235863,396634.55,139563.86,20009,,,,DGS_0430.0,{82815678-94BF-49E6-B127-9EEC65DFFEE3},JLAY,2023/08/03 17:37:06+00,JLAY,2023/08/03 17:37:06+00,1335
-77.0686161905959,38.9155164871839,Hardy Middle School,1819 35TH STREET NW,Middle School,MS,Active,202-729-4350,412, ,dcps_246,http://www.hardyms.org,246,246,Y,,,,,-77.0686139,38.91550903,2023-2024,District of Columbia Public Schools,1,Hardy Middle School,246,6th-8th,274432,394049.46,138629.13,20007,,,,DGS_0355.0,{75417828-1104-4E38-B82E-C2E0E13F88FC},JLAY,2023/08/03 17:37:06+00,JLAY,2023/08/03 17:37:06+00,1336
-76.9971810142341,38.8377453130832,Hart Middle School,601 MISSISSIPPI AVENUE SE,Middle School,MS,Active,202-671-6426,530, ,dcps_413,http://www.charleshartmiddle.org/,413,413,Y,1110,1956,210700,550,-76.99717875,38.83773787,2023-2024,District of Columbia Public Schools,1,Hart Middle School,413,6th-8th,5534,400244.94,129993.71,20032,,,,DGS_0698.0,{A235F264-419E-4C10-AE13-398D63E32C31},JLAY,2023/08/03 17:37:06+00,JLAY,2023/08/03 17:37:06+00,1337
-77.0719575161002,38.9407301065624,Hearst Elementary School,3950 37TH STREET NW,Elementary School,ES,Active,202-282-0106,257, ,dcps_258,http://www.hearstes.org/,258,258,N,181,1932,17400,325,-77.07195522,38.94072265,2023-2024,District of Columbia Public Schools,1,Hearst Elementary School,258,PK4-5th,294586,393761.89,141428.28,20008,,,,DGS_0550.0,{A8605332-6694-40B7-A5E2-7B9E67DF4B3F},JLAY,2023/08/03 17:37:06+00,JLAY,2023/08/03 17:37:06+00,1338
-76.9991871134438,38.8289933534677,Hendley Elementary School,425 CHESAPEAKE STREET SE,Elementary School,ES,Active,202-645-3450,341, ,dcps_249,http://profiles.dcps.dc.gov/Hendley+Elementary+School,249,249,N,559,1959,73200,325,-76.99918485,38.82898591,2023-2024,District of Columbia Public Schools,1,Hendley Elementary School,249,PK3-5th,24445,400070.78,129022.18,20032,,,,DGS_0596.0,{09CCB0BF-6AD9-4ABC-92DA-4266598D512A},JLAY,2023/08/03 17:37:06+00,JLAY,2023/08/03 17:37:06+00,1339
-76.9299498970813,38.9054227781707,Houston Elementary School,1100 50TH PLACE NE,Elementary School,ES,Active,202-671-6170,223, ,dcps_251,http://www.myschooldc.org/schools/profile/44/,251,251,N,507,1962,59900,325,-76.92994765,38.90541532,2023-2024,District of Columbia Public Schools,1,Houston Elementary School,251,PK3-5th,156316,406076.15,137508.74,20019,,,,DGS_0219.0,{8CEAD329-4CF6-475C-AD73-85514376E943},JLAY,2023/08/03 17:37:06+00,JLAY,2023/08/03 17:37:06+00,1340
-77.0645401573867,38.9080270930018,Hyde-Addison Elementary School,3219 O STREET NW,Elementary School,ES,Active,202-282-0170,329,   0830,dcps_252,http://profiles.dcps.dc.gov/Hyde-Addison+Elementary+School,252,,,,,,,-77.064538,38.90802,2023-2024,District of Columbia Public Schools,1,Hyde-Addison Elementary School,252,PK3-5th,294558,,,,,,,DGS_0427.0,{CEFBFD34-1A8C-407E-AFF5-6553B6197BF4},JLAY,2023/08/03 17:37:06+00,JLAY,2023/11/07 18:54:28+00,1341
-77.0192698973041,38.96686257823,Ida B. Wells Middle School,405 SHERIDAN STREET NW,Middle School,MS,Active,202-671-0693,,,dcps_974,http://nms.sdmf.schoolfusion.us/,0,,,,,,,-77.019578,38.967285,2023-2024,District of Columbia Public Schools,1,Ida B. Wells Middle School,1071,6th-8th,319880,398330.22,144326.94,20011,,,,N/A,{30F418BD-D89C-4DAE-86B0-0FFD2AA5DE84},JLAY,2023/08/03 17:37:06+00,JLAY,2023/08/03 17:37:06+00,1342
-76.9763811799253,38.883438357611,Inspiring Youth Program,1901 D STREET SE,Youth Engagement,YE,Active,202-698-5978,60,,dcps_947,http://profiles.dcps.dc.gov/Inspiring+Youth+Program,480, ,N,,,,,-76.97637892,38.88343091,2023-2024,District of Columbia Public Schools,1,Inspiring Youth Program,480,Alternative,295133,402049.46,135066.23,20003,,,,DCPS_N/A,{B3D62CD2-B48B-45CD-BC26-51F20D78D68D},JLAY,2023/08/03 17:37:06+00,JLAY,2023/08/03 17:37:06+00,1343
-76.9965912928373,38.9027654537884,J.O. Wilson Elementary School,660 K STREET NE,Elementary School,ES,Active,202-698-4733,382, ,dcps_339,http://profiles.dcps.dc.gov/J.O.+Wilson+Elementary+School,339,339,N,412,1961,98900,400,-76.99658902,38.902758,2023-2024,District of Columbia Public Schools,1,J.O. Wilson Elementary School,339,PK3-5th,288841,400295.87,137211.43,20002,,,,DGS_0695.0,{E5681FD7-8688-4995-94B2-DDEBED6C9645},JLAY,2023/08/03 17:37:06+00,JLAY,2023/08/03 17:37:06+00,1344
-77.0777774984722,38.9501636048416,Jackson-Reed High School (formerly Wilson HS),3950 CHESAPEAKE STREET NW,High School,HS,Active,202-282-0120,1633,,dcps_463,http://www.wilsonhs.org/,463,463,N,1485,1935,271300,1600,-77.0777757,38.95015672,2023-2024,District of Columbia Public Schools,1,Wilson High School,463,9th-12th,294587,393258.18,142475.96,20016,,,,DGS_0551.0,{6ACFEF33-57FE-43BB-9648-2B19C99D5205},JLAY,2023/08/03 17:37:06+00,JLAY,2023/08/03 17:37:06+00,1345
-77.0809971256341,38.9475578809036,Janney Elementary School,4130 ALBEMARLE STREET NW,Elementary School,ES,Active,202-282-0110,548, ,dcps_254,http://www.janneyschool.org/,254,254,N,364,1925,98200,550,-77.08099483,38.94755042,2023-2024,District of Columbia Public Schools,1,Janney Elementary School,254,PK4-5th,285713,392978.88,142186.88,20016,,,,DGS_0580.0,{91A55CFB-1326-4281-AA3D-E9DA1EE3382A},JLAY,2023/08/03 17:37:06+00,JLAY,2023/08/03 17:37:06+00,1346
-77.0229129382855,38.8798783817875,Jefferson Middle School Academy,801 7TH STREET SW,Middle School,MS,Active,202-729-3270,89, ,dcps_415,http://www.jeffersontrojans.org/,433,415,Y,900,1940,109000,450,-77.02291066,38.87987093,2023-2024,District of Columbia Public Schools,1,Jefferson Middle School Academy,433,6th-8th,276812,398012.08,134671.03,20024,,,,DGS_0739.0,{42A75CCD-0B8C-412A-A1A0-9ACEAE07A728},JLAY,2023/08/03 17:37:06+00,JLAY,2023/08/03 17:37:06+00,1347
-77.0324180638645,38.9511988196916,John Lewis Elementary School,1338 FARRAGUT STREET NW,Elementary School,ES,Active,202-576-6226,244, ,dcps_336,http://www.westschool.org/,336,336,N,281,1978,69600,450,-77.03241633,38.95119327,2023-2024,District of Columbia Public Schools,1,West Elementary School,336,PK3-5th,317768,397190.1,142588.69,20011,,,,DGS_0179.0,{B3948460-3761-4A0E-A1C9-09837F57E4C1},JLAY,2023/08/03 17:37:06+00,JLAY,2023/08/23 17:42:28+00,1348
-76.9837059452072,38.8513443505593,Johnson Middle School,1400 BRUCE PLACE SE,Middle School,MS,Active,202-939-3140,252, ,dcps_416,http://profiles.dcps.dc.gov/Johnson+Middle+School,416,416,N,,1969,277000,,-76.98370368,38.85133691,2023-2024,District of Columbia Public Schools,1,Johnson Middle School,416,6th-8th,294520,401414.57,131503.42,20020,,,,DGS_0293.0,{1AF73DD3-810D-4883-841C-059206F2219A},JLAY,2023/08/03 17:37:06+00,JLAY,2023/08/03 17:37:06+00,1349
-76.9324573183586,38.8933228241185,Kelly Miller Middle School,301 49TH STREET NE,Middle School,MS,Active,202-388-6870,328, ,dcps_421,http://kellymillerms.org/,421,421,Y,,,,,-76.93245515,38.89331541,2023-2024,District of Columbia Public Schools,1,Kelly Miller Middle School,421,6th-8th,294476,405859.65,136165.39,20019,,,,DGS_0462.0,{9BF1B6FB-CB1E-4069-88A7-4773EDB95DBE},JLAY,2023/08/03 17:37:06+00,JLAY,2023/08/03 17:37:06+00,1350
-76.9836234271726,38.8660501419335,Ketcham Elementary School,1919 15TH STREET SE,Elementary School,ES,Active,202-698-1122,256, ,dcps_257,http://profiles.dcps.dc.gov/Ketcham+Elementary+School,257,257,N,461,1909,88300,325,-76.98362116,38.86604269,2023-2024,District of Columbia Public Schools,1,Ketcham Elementary School,257,PK3-5th,286537,401421.44,133135.87,20020,,,,DGS_0364.0,{3287D7E9-3F3D-4844-B1D2-371ED0251A5A},JLAY,2023/08/03 17:37:06+00,JLAY,2023/08/03 17:37:06+00,1351
-77.1005296227178,38.9268092935177,Key Elementary School,5001 DANA PLACE NW,Elementary School,ES,Active,202-729-3280,386, ,dcps_272,http://keyschooldc.org/dcps/,272,272,N,,1929,,,-77.10052732,38.92680184,2023-2024,District of Columbia Public Schools,1,Key Elementary School,272,PK4-5th,294605,391283.15,139885.29,20016,,,,DGS_0653.0,{B5147EE4-FBB0-467E-BE21-61D8D8128BB1},JLAY,2023/08/03 17:37:06+00,JLAY,2023/08/03 17:37:06+00,1352
-76.9571805468622,38.8833106531027,Kimball Elementary School,3375 MINNESOTA AVENUE SE,Elementary School,ES,Active,202-671-6260,313, 0831,dcps_259,http://profiles.dcps.dc.gov/Kimball+Elementary+School+%40+Davis,259,259,N,474,,,400,-76.957178,38.883303,2023-2024,District of Columbia Public Schools,1,Kimball Elementary School,259,PK3-5th,294565,,,,,,,DGS_0186.0,{04537901-FEFC-49F5-8D87-535AA5B15576},JLAY,2023/08/03 17:37:06+00,JLAY,2023/11/07 18:54:28+00,1353
-76.998241258726,38.842450628512,King Elementary School,3200 6TH STREET SE,Elementary School,ES,Active,202-939-4900,345, ,dcps_344,http://profiles.dcps.dc.gov/King+Elementary+School,344,344,N,525,1971,65500,400,-76.99823899,38.84244319,2023-2024,District of Columbia Public Schools,1,King Elementary School,344,PK3-5th,294557,400152.88,130516.03,20032,,,,DGS_0481.0,{82482869-2C09-4325-8CA9-78BD6F207169},JLAY,2023/08/03 17:37:06+00,JLAY,2023/08/03 17:37:06+00,1354
-76.9801735687473,38.8712938528995,Kramer Middle School,1700 Q STREET SE,Middle School,MS,Active,202-939-3150,277, ,dcps_417,http://www.myschooldc.org/schools/profile/56/,417,417,N,655,1943,154000,550,-76.9801713,38.8712864,2023-2024,District of Columbia Public Schools,1,Kramer Middle School,417,6th-8th,289467,401720.71,133718.02,20020,,,,DGS_0332.0,{712441EF-CCEA-47D5-83BC-A4A501369160},JLAY,2023/08/03 17:37:06+00,JLAY,2023/08/03 17:37:06+00,1355
-77.0680394194031,38.9666350188107,Lafayette Elementary School,5701 BROAD BRANCH ROAD NW,Elementary School,ES,Active,202-282-0116,707, ,dcps_261,http://www.lafayettehsa.org,261,261,N,486,1931,113600,550,-77.06803712,38.96662755,2023-2024,District of Columbia Public Schools,1,Lafayette Elementary School,261,PK4-5th,294611,394103.71,144303.7,20015,,,,DGS_0690.0,{35B1426C-967D-470E-BF77-158E016C0191},JLAY,2023/08/03 17:37:06+00,JLAY,2023/08/03 17:37:06+00,1356
-76.9770841211669,38.9247116217499,Langdon Elementary School,1900 EVARTS STREET NE,Elementary School,ES,Active,202-576-6048,404, ,dcps_262,http://profiles.dcps.dc.gov/Langdon+Elementary+School,262,262,N,528,1930,101400,450,-76.97708185,38.92470416,2023-2024,District of Columbia Public Schools,1,Langdon Elementary School,262,PK3-5th,294532,401987.32,139647.88,20018,,,,DGS_0786.0,{8BFFACEA-4BFB-4187-99F7-5D36206E07AA},JLAY,2023/08/03 17:37:06+00,JLAY,2023/08/03 17:37:06+00,1357
-77.0058926695347,38.915170351259,Langley Elementary School,101 T STREET NE,Elementary School,ES,Active,202-576-6034,375, ,dcps_965,http://www.langleyelementary.org/,370,0,N,,,,,-77.00588662,38.91516879,2023-2024,District of Columbia Public Schools,1,Langley Elementary School,370,PK3-5th,285757,399489.48,138589.14,20002,,,,DGS_0210.0,{51315D73-0FB7-4C12-989A-5919DEBD6E8B},JLAY,2023/08/03 17:37:06+00,JLAY,2023/08/03 17:37:06+00,1358
-76.9998848198793,38.9599796093501,LaSalle-Backus Elementary School,501 RIGGS ROAD NE,Elementary School,ES,Active,202-671-6340,290, ,dcps_264,http://www.lasallebackus.com/,264,264,N,406,1957,63000,425,-76.99988254,38.95997214,2023-2024,District of Columbia Public Schools,1,LaSalle-Backus Elementary School,264,PK3-5th,294489,400010.18,143562.69,20011,,,,DGS_0661.0,{CE8A4B9F-5744-462C-84BA-F8EB04CBAEF9},JLAY,2023/08/03 17:37:06+00,JLAY,2023/08/03 17:37:06+00,1359
-77.0128941847555,38.8282042225853,Leckie Education Campus,4201 MARTIN LUTHER KING JR AVENUE SW,Elementary School,ES,Active,202-645-3330,361, ,dcps_266,http://www.leckielionsdc.org/,266,266,N,471,1970,65000,400,-77.01289191,38.82819678,2023-2024,District of Columbia Public Schools,1,Leckie Education Campus,266,PK3-8th,294592,398880.58,128934.66,20032,,,,DGS_0593.0,{BE49A027-38CD-4126-97D3-E8B4C2320936},JLAY,2023/08/03 17:37:06+00,JLAY,2023/08/03 17:37:06+00,1360
-76.9964947646537,38.8987515963816,Ludlow-Taylor Elementary School,659 G STREET NE,Elementary School,ES,Active,202-698-3244,258, ,dcps_271,http://www.ludlowtaylor.org,271,271,N,,,,,-76.99649249,38.89874414,2023-2024,District of Columbia Public Schools,1,Ludlow-Taylor Elementary School,271,PK3-5th,294494,400304.26,136765.86,20002,,,,DGS_0721.0,{D67C6C90-FF41-40F7-9BA6-113E366C0651},JLAY,2023/08/03 17:37:06+00,JLAY,2023/08/03 17:37:06+00,1361
-76.9923185976602,38.9322838419059,Luke C. Moore High School,1001 MONROE STREET NE,Youth Engagement,YE,Active,202-281-3600,293, ,dcps_884,http://profiles.dcps.dc.gov/Luke+C.+Moore+High+School,884,884,N,,,,,-76.99231633,38.93227638,2023-2024,District of Columbia Public Schools,1,Luke C. Moore High School,884,9th-12th,294504,400666.21,140488.24,20017,,,,DGS_0205.0,{B841977C-1B7B-4DE3-BBF5-133D6C17EB84},JLAY,2023/08/03 17:37:06+00,JLAY,2023/08/03 17:37:06+00,1362
-77.0277786912709,38.9436159783387,MacFarland Middle School,4400 IOWA AVENUE NW,Middle School,MS,Active,202-671-6033,,,dcps_973,http://profiles.dcps.dc.gov/MacFarland+Middle+School,420,,,,,,,-77.02777641,38.94360856,2023-2024,District of Columbia Public Schools,1,MacFarland Middle School,420,6th-7th,294595,397592.04,141746.55,20011,,,,DGS_0613.0,{FA7B3D6B-F7B5-43D6-813A-E829ADFEC9DA},JLAY,2023/08/03 17:37:06+00,JLAY,2023/08/03 17:37:06+00,1363
-76.9834008359209,38.8416528356148,Malcolm X Elementary School @ Green,1500 MISSISSIPPI AVENUE SE,Elementary School,ES,Active,202-645-3409,261, ,dcps_308,http://profiles.dcps.dc.gov/Malcolm+X+Elementary+School+%40+Green,308,308,N,571,1973,110800,400,-76.98339857,38.8416454,2023-2024,District of Columbia Public Schools,1,Malcolm X Elementary School @ Green,308,PK3-5th,294523,401441.25,130427.6,20032,,,,DGS_0313.0,{4F167BBE-D2D5-4222-A093-9167778C4435},JLAY,2023/08/03 17:37:06+00,JLAY,2023/08/03 17:37:06+00,1364
-77.0013647757232,38.8385194355978,Ballou High School,3401 4TH STREET SE,High School,HS,Active,202-645-3400,910, ,dcps_452,http://www.balloudc.org/,452,452,N,1565,1960,271300,1200,-77.0013625,38.83851166,2023-2024,District of Columbia Public Schools,1,Ballou High School,452,9th-12th,294567,399881.71,130079.64,20032,,,,DGS_0519.0,{F4BDABC9-7AEF-49ED-9D38-EA4C457FC7E5},JLAY,2023/08/03 17:37:06+00,JLAY,2023/08/03 17:37:06+00,1365
-77.0013647757232,38.8385194355978,Ballou STAY High School,3401 4TH STREET SE,Youth Engagement,STAY,Active,202-645-3390,735, ,dcps_914,http://www.balloustay.com/,462,452A,N,,,,,-77.0013625,38.83851166,2023-2024,District of Columbia Public Schools,1,Ballou STAY High School,462,9th-12th,294567,399881.71,130079.64,20032,,,,DGS_0519.0,{E9179948-BBFC-40FD-A973-724EB15A7F77},JLAY,2023/08/03 17:37:06+00,JLAY,2023/08/03 17:37:06+00,1366
-76.9337031672977,38.89700926754,Lorraine H. Whitlock Elementary School,533 48TH PLACE NE,Elementary School,ES,Active,202-671-6060,269, ,dcps_202,http://profiles.dcps.dc.gov/Aiton+Elementary+School,202,202,N,479,1960,57100,400,-76.93370092,38.89700181,2023-2024,District of Columbia Public Schools,1,Aiton Elementary School,202,PK3-5th,294490,405751.28,136574.53,20019,,,,DGS_0669.0,{FDE9AEAE-6943-4855-A367-43365ACDE4F7},JLAY,2023/08/03 17:37:06+00,JLAY,2023/08/03 17:37:06+00,1367
-77.0878284954734,38.9342997626067,Mann Elementary School,4430 NEWARK STREET NW,Elementary School,ES,Active,202-282-0126,290, ,dcps_273,http://www.horacemanndc.org/,273,273,N,,,,,-77.08782619,38.93429231,2023-2024,District of Columbia Public Schools,1,Mann Elementary School,273,PK4-5th,294597,392385.28,140715.66,20016,,,,DGS_0616.0,{4933A118-B4E3-44E0-9D6A-A373E37B156E},JLAY,2023/08/03 17:37:06+00,JLAY,2023/08/03 17:37:06+00,1368
-77.0408175346784,38.9191144700188,Marie Reed Elementary School,2201 18TH STREET NW,Elementary School,ES,Active,202-673-7308,357, ,dcps_284,http://mariereedes.org/,284,284,N,,,,,-77.040822,38.919112,2023-2024,District of Columbia Public Schools,1,Marie Reed Elementary School,284,PK3-5th,310614,396459.87,139027.66,20009,,,,DGS_0396.2,{E2CA7792-FE9C-49A3-A3BA-B5467EACABD2},JLAY,2023/08/03 17:37:06+00,JLAY,2023/08/03 17:37:06+00,1369
-76.9890008581543,38.8922946631179,Maury Elementary School,1250 CONSTITUTION AVENUE NE,Elementary School,ES,Active,202-698-3838,387, ,dcps_274,http://www.mauryelementary.com,274,274,N,276,1886,46800,325,-76.988999,38.892287,2023-2024,District of Columbia Public Schools,1,Maury Elementary School,274,PK3-5th,294511,,,,,,,DGS_0258.0,{741872FC-C13B-4648-B7A2-31B8CD4CC40D},JLAY,2023/08/03 17:37:06+00,JLAY,2023/11/07 18:54:28+00,1370
-77.0048844675793,38.9152178897153,McKinley Middle School,151 T STREET NE,Middle School,MS,Active,202-281-3950,670, ,dcps_970,http://profiles.dcps.dc.gov/McKinley+Middle+School,435,458,N,,,,,-77.00412244,38.91522012,2023-2024,District of Columbia Public Schools,1,McKinley Middle School,435,6th-8th,296345,399642.48,138594.83,20002,,,,DGS_0283.0,{D5197B07-D798-4CAF-8C8A-CD64AB190277},JLAY,2023/08/03 17:37:06+00,JLAY,2023/08/03 17:37:06+00,1371
-77.0041247132797,38.9152275759532,McKinley Technology High School,151 T STREET NE,High School/Specialized,HS,Active,202-281-3950,670, ,dcps_458,http://mckinleytech.org/,458,458,N,,,,,-77.00412244,38.91522012,2023-2024,District of Columbia Public Schools,1,McKinley Technology High School,458,9th-12th,296345,399642.48,138594.83,20002,,,,DGS_0283.0,{60B4530A-9366-4796-9072-921458A74021},JLAY,2023/08/03 17:37:06+00,JLAY,2023/08/03 17:37:06+00,1372
-77.0323752850815,38.9622185969999,Military Road Early Learning Center,1375 MISSOURI AVENUE NW,Specialized School,AC,Active,202-671-6410,,PAR 00870536,dcps_984,,,,Y,,,,,-77.032373,38.962211,2023-2024,District of Columbia Public Schools,1,Military Road Early Learning Center,0,PK3–PK4,284010,397194.29,143811.74,20011,,,,,{C4FE7948-AB3A-49C2-B674-98A7D88E8E4A},JLAY,2023/08/03 17:37:06+00,JLAY,2023/08/03 17:37:06+00,1373
-76.9829065853773,38.8973834695648,Miner Elementary School,601 15TH STREET NE,Elementary School,ES,Active,202-397-3960,469, ,dcps_280,http://www.minerelementary.org/,280,280,N,,,,,-76.98290432,38.89737602,2023-2024,District of Columbia Public Schools,1,Miner Elementary School,280,PK3-5th,289548,401483,136614.12,20002,,,,DGS_0696.0,{8B528860-CC3D-4208-92EA-41DA7FD811FA},JLAY,2023/08/03 17:37:06+00,JLAY,2023/08/03 17:37:06+00,1374
-76.9829459217509,38.8566649731435,Moten Elementary School,1565 MORRIS ROAD SE,Elementary School,ES,Active,202-698-1111,315, ,dcps_920,http://www.myschooldc.org/schools/profile/75/,285,285A,N,,1976,144900,,-76.98294368,38.856656,2023-2024,District of Columbia Public Schools,1,Moten Elementary School,285,PK3-5th,294524,401480.43,132093.89,20020,,,,DGS_0323.0,{E0C40495-683B-48EC-AED7-77D9E00D0260},JLAY,2023/08/03 17:37:06+00,JLAY,2023/08/03 17:37:06+00,1375
-77.070081517757,38.9529409849191,Murch Elementary School,4810 36TH STREET NW,Elementary School,ES,Active,202-282-0130,556,0803,dcps_287,http://www.murchschool.org,287,287,N,,,,,-77.070079,38.952934,2023-2024,District of Columbia Public Schools,1,Murch Elementary School,287,PK4-5th,294602,393925.57,142783.67,20008,,,,DGS_0638.0,{BA7285DC-5D04-4D8C-AF2B-DC47652DFC22},JLAY,2023/08/03 17:37:06+00,JLAY,2023/08/03 17:37:06+00,1376
-76.930798754934,38.885961872242,Nalle Elementary School,219 50TH STREET SE,Elementary School,ES,Active,202-671-6280,327, ,dcps_288,http://profiles.dcps.dc.gov/Nalle+Elementary+School,288,288,N,460,1950,83900,400,-76.93079651,38.88595442,2023-2024,District of Columbia Public Schools,1,Nalle Elementary School,288,PK3-5th,294474,406004.16,135348.37,20019,,,,DGS_0394.0,{8119A739-940E-43F0-AF51-F36003404890},JLAY,2023/08/03 17:37:06+00,JLAY,2023/08/03 17:37:06+00,1377
-76.9918451552813,38.9251854394973,Noyes Elementary School,2725 10TH STREET NE,Elementary School,ES,Active,202-281-2580,352, ,dcps_290,http://profiles.dcps.dc.gov/Noyes+Elementary+School,290,290,N,,,,,-76.99184288,38.92517798,2023-2024,District of Columbia Public Schools,1,Noyes Elementary School,290,PK3-5th,289594,400707.33,139700.26,20018,,,,DGS_0444.0,{07DEEBA0-440C-42CC-B099-5B1C565EAC39},JLAY,2023/08/03 17:37:06+00,JLAY,2023/08/03 17:37:06+00,1378
-77.0443795373944,38.9173169912349,Oyster-Adams Bilingual School (Adams),2020 19TH STREET NW,Middle School,MS,Active,202-673-7311,321, ,dcps_949,http://oysteradamsbilingual.org/,201,292,N,,,,,-77.04437725,38.91730954,2023-2024,"District of Columbia Public Schools
",1,Oyster-Adams Bilingual School (Adams),201,4th-8th,294534,396151.48,138827.7,20009,,,,DGS_0380.0,{9803440A-A04A-46F2-B077-74865464999B},JLAY,2023/08/03 17:37:06+00,JLAY,2023/08/03 17:37:06+00,1379
-77.0572056640618,38.9236032828692,Oyster-Adams Bilingual School (Oyster),2801 CALVERT STREET NW,Elementary School,ES,Active,202-671-6130,355, ,dcps_292,http://oysteradamsbilingual.org/,292,292,N,,,,,-77.05720337,38.92359583,2023-2024,District of Columbia Public Schools,1,Oyster-Adams Bilingual School (Oyster),292,PK4-3rd,275944,395039.6,139526.15,20008,,,,DGS_0446.0,{B303B9B4-C838-4180-8484-3752B7023378},JLAY,2023/08/03 17:37:06+00,JLAY,2023/08/03 17:37:06+00,1380
-77.008486979524,38.8269737991269,Patterson Elementary School,4399 SOUTH CAPITOL TERRACE SW,Elementary School,ES,Active,202-939-5280,320, ,dcps_294,http://www.myschooldc.org/schools/profile/82/,294,294,N,,2004,78300,368,-77.00848471,38.82696636,2023-2024,District of Columbia Public Schools,1,Patterson Elementary School,294,PK3-5th,301073,399263.25,128798.03,20032,,,,DGS_0608.0,{A60A2C61-5C13-40BA-A1CC-2CE6AC4D7E25},JLAY,2023/08/03 17:37:06+00,JLAY,2023/08/03 17:37:06+00,1381
-76.9849748055924,38.8851789290052,Payne Elementary School,1445 C STREET SE,Elementary School,ES,Active,202-698-3262,236, ,dcps_295,http://paynedc.org/,295,295,N,438,1953,,,-76.984984,38.885171,2023-2024,District of Columbia Public Schools,1,Payne Elementary School,295,PK3-5th,289721,401302.84,135259.2,20003,,,,DGS_0466.0,{67F94E33-A377-44DB-94AA-9413C6BD92B1},JLAY,2023/08/03 17:37:06+00,JLAY,2023/08/03 17:37:06+00,1382
-76.99986025834,38.892903777306,Peabody Elementary School,425 C STREET NE,Elementary School,ES,Active,202-698-3277,150, ,dcps_301,http://profiles.dcps.dc.gov/Peabody+Elementary+School+(Capitol+Hill+Cluster),301,301,N,,,,,-76.99985799,38.89289632,2023-2024,District of Columbia Public Schools,1,Peabody Elementary School,301,PK3-KG,288145,400012.32,136116.7,20002,,,,DGS_0595.0,{2E71B363-36CC-431B-ACED-E78578ED90B3},JLAY,2023/08/03 17:37:06+00,JLAY,2023/08/03 17:37:06+00,1383
-76.9718998943173,38.9019994770801,"Phelps Architecture, Construction, and Engineering High School",704 26TH STREET NE,High School/Specialized,HS,Active,202-729-4360,329, ,dcps_478,http://phelpshsdc.org/,478, ,N,,1912,205776,600,-76.97189763,38.90199202,2023-2024,District of Columbia Public Schools,1,"Phelps Architecture, Construction, and Engineering High School",478,9th-12th,294495,402437.64,137126.77,20002,,,,DGS_0725.0,{091F55FB-D253-4256-B22F-F42BB98EDF9F},JLAY,2023/08/03 17:37:06+00,JLAY,2023/08/03 17:37:06+00,1384
-76.9399369281301,38.8872476506276,Plummer Elementary School,4601 TEXAS AVENUE SE,Elementary School,ES,Active,202-939-4360,220, ,dcps_299,http://profiles.dcps.dc.gov/Plummer+Elementary+School,299,299,N,,,,,-76.93993468,38.8872402,2023-2024,District of Columbia Public Schools,1,Plummer Elementary School,299,PK3-5th,19536,405211.23,135490.54,20019,,,,DGS_0202.0,{D558138C-6746-49CD-8FCC-D5F2C0A339C0},JLAY,2023/08/03 17:37:06+00,JLAY,2023/08/03 17:37:06+00,1385
-77.0312297057863,38.9415418043537,Powell Elementary School,1350 UPSHUR STREET NW,Elementary School,ES,Active,202-671-6270,310, ,dcps_300,http://www.powellbilingualelementary.com/,300,300,N,304,1925,38500,325,-77.03122742,38.94153434,2023-2024,District of Columbia Public Schools,1,Powell Elementary School,300,PK3-5th,255302,397292.79,141516.39,20011,,,,DGS_0287.0,{B44085BC-04EB-4D96-98AF-79A7447711FC},JLAY,2023/08/03 17:37:06+00,JLAY,2023/08/03 17:37:06+00,1386
-76.9643585423078,38.8700991857525,Randle Highlands Elementary School,1650 30TH STREET SE,Elementary School,ES,Active,202-729-3250,384, ,dcps_316,http://www.randlehighlandselementary.org/,316,316,N,520,2003,,,-76.96435628,38.87009174,2023-2024,District of Columbia Public Schools,1,Randle Highlands Elementary School,316,PK3-5th,156337,403093.17,133585.82,20020,,,,DGS_0803.0,{F3215344-5217-451A-A6DB-551E94FBE8F6},JLAY,2023/08/03 17:37:06+00,JLAY,2023/08/03 17:37:06+00,1387
-77.0264349424483,38.935818665273,Raymond Elementary School,915 SPRING ROAD NW,Elementary School,ES,Active,202-576-6236,442, ,dcps_302,http://raymondeducationcampus.org/,302,302,N,,,,,-77.02643266,38.93581121,2023-2024,District of Columbia Public Schools,1,Raymond Elementary School,302,PK3-5th,226682,397708.28,140880.94,20010,,,,DGS_0788.0,{350369A7-F0F6-4A39-BFDA-9E84D7B021A8},JLAY,2023/08/03 17:37:06+00,JLAY,2023/08/03 17:37:06+00,1388
-76.958966127105,38.8952492870854,River Terrace Education Campus,405 Anacostia Ave NE,Special Education,EC,Active,202-442-7111,, 0005,dcps_978,http://profiles.dcps.dc.gov/River+Terrace+Education+Campus,304,,,,,,,-76.95896387,38.8952415,2023-2024,District of Columbia Public Schools,1,River Terrace Education Campus,304,SPED,313230,403559.87,136377.87,20019,,,,DGS_0184.0,{BAD1ADE1-ABF7-43EC-B4FC-56C81913D673},JLAY,2023/08/03 17:37:06+00,JLAY,2023/08/03 17:37:06+00,1389
-76.9327066350747,38.9065616039476,Ron Brown College Preparatory High School,4800 MEADE STREET NE,High School/Specialized,HS,Active,202-729-4343,,,dcps_980,http://profiles.dcps.dc.gov/Ron+Brown+College+Preparatory+High+School,436,,,,,,,-76.932705,38.906563,2023-2024,District of Columbia Public Schools,1,Ron Brown College Preparatory High School,436,9th-11th,294601,405836.91,137635.93,20019,,,,DGS_0637.0,{F564616B-128F-47EA-B219-B3719C4BD507},JLAY,2023/08/03 17:37:06+00,JLAY,2023/08/03 17:37:06+00,1390
